stage,environment,seed,role,episodes,success_rate,plans,steps,cem_cost_calls,dynamics_flops_total,plan_time_total_sec,wall_time_sec,manifest_file_sha256
screen,ogb_cube,0,upstream_lewm_converted,50,72.0,2,50,1000,84799587600000,41.818906996166334,126.85406653303653,776006d039b28a2db5a2ff9ff69a04874a424c1089430f4d2a63dd96aea0457e
screen,ogb_cube,0,sepopt_k192_20260922,50,78.0,2,50,1000,84799587600000,41.303656777134165,123.5010332451202,776006d039b28a2db5a2ff9ff69a04874a424c1089430f4d2a63dd96aea0457e
screen,ogb_cube,1,upstream_lewm_converted,50,57.99999999999999,2,50,1000,84799587600000,41.58004455617629,125.3289005048573,5a6b43f053bf9df26aab49daca5f3dc40c6a34190d2de3224570e3f3f4c77db2
screen,ogb_cube,1,sepopt_k192_20260922,50,62.0,2,50,1000,84799587600000,41.08906910265796,121.83280344307423,5a6b43f053bf9df26aab49daca5f3dc40c6a34190d2de3224570e3f3f4c77db2
screen,ogb_cube,2,upstream_lewm_converted,50,68.0,2,50,1000,84799587600000,42.069585054181516,125.71160319494084,72863a41fd53c5430aacb73a2e16772ea83b007c0402c935a4fd5405055172b6
screen,ogb_cube,2,sepopt_k192_20260922,50,68.0,2,50,1000,84799587600000,41.71809981507249,123.00030798907392,72863a41fd53c5430aacb73a2e16772ea83b007c0402c935a4fd5405055172b6
screen,ogb_cube,42,upstream_lewm_converted,50,74.0,2,50,1000,84799587600000,42.22596239694394,126.02744916989468,04bb47a07bebc0955f432fa4f2c73ded6d8d7ca05f5c04876997af60c5b1d640
screen,ogb_cube,42,sepopt_k192_20260922,50,72.0,2,50,1000,84799587600000,41.81168404011987,122.7302172339987,04bb47a07bebc0955f432fa4f2c73ded6d8d7ca05f5c04876997af60c5b1d640
screen,ogb_cube,100,upstream_lewm_converted,50,70.0,2,50,1000,84799587600000,42.5783153870143,126.59514475800097,fb672659489f85d08d1184da31d3debb2c50dcbc4f630deb79ea7e5efbc01f65
screen,ogb_cube,100,sepopt_k192_20260922,50,66.0,2,50,1000,84799587600000,41.82810988393612,123.26805003290065,fb672659489f85d08d1184da31d3debb2c50dcbc4f630deb79ea7e5efbc01f65
screen,reacher,0,upstream_lewm_converted,50,100.0,2,50,1000,84798237600000,41.41635660897009,74.4740701999981,118aa98d2fe07b7cabd8a73a0af42d8791662586f981595dc8bf073f63c2b4a3
screen,reacher,0,sepopt_k192_20260922,50,98.0,2,50,1000,84798237600000,41.19957338785753,71.3412808580324,118aa98d2fe07b7cabd8a73a0af42d8791662586f981595dc8bf073f63c2b4a3
screen,reacher,1,upstream_lewm_converted,50,98.0,2,50,1000,84798237600000,40.62726763403043,73.72072646790184,6358e3b1a5be184a6f23046f08aff03122525f8ca2ce669d29686a21eb378998
screen,reacher,1,sepopt_k192_20260922,50,98.0,2,50,1000,84798237600000,40.66189454286359,70.64245343580842,6358e3b1a5be184a6f23046f08aff03122525f8ca2ce669d29686a21eb378998
screen,reacher,2,upstream_lewm_converted,50,96.0,2,50,1000,84798237600000,40.801344954175875,73.96094648796134,1685df8311dc45afe19e67c771538b657bad718cced353c5119a3f4429c05f4a
screen,reacher,2,sepopt_k192_20260922,50,94.0,2,50,1000,84798237600000,40.71814287779853,71.0361967838835,1685df8311dc45afe19e67c771538b657bad718cced353c5119a3f4429c05f4a
screen,reacher,42,upstream_lewm_converted,50,90.0,2,50,1000,84798237600000,40.852880160091445,73.61157266283408,901abde97fcbd0c4b518160602af991576e410c65dca502628fba4330c7fc7ce
screen,reacher,42,sepopt_k192_20260922,50,94.0,2,50,1000,84798237600000,40.60639814985916,70.60118639608845,901abde97fcbd0c4b518160602af991576e410c65dca502628fba4330c7fc7ce
screen,reacher,100,upstream_lewm_converted,50,98.0,2,50,1000,84798237600000,41.229647603817284,74.19135279580951,f10e7171acfc60a2edae160ccf38d10a8acc532d78f8f90119a929a3e754bcaa
screen,reacher,100,sepopt_k192_20260922,50,94.0,2,50,1000,84798237600000,41.202103494200855,71.40016419813037,f10e7171acfc60a2edae160ccf38d10a8acc532d78f8f90119a929a3e754bcaa
screen,pusht,0,upstream_lewm_converted,50,84.0,2,50,3000,254394712800000,123.24433873593807,149.66613428597338,2fd8384d7d8fd717e3f607300ee38d0a2949652bd2bedb94966ffb48f8f14e33
screen,pusht,0,sepopt_k192_20260922,50,90.0,2,50,3000,254394712800000,123.6856270218268,147.0185112899635,2fd8384d7d8fd717e3f607300ee38d0a2949652bd2bedb94966ffb48f8f14e33
screen,pusht,1,upstream_lewm_converted,50,84.0,2,50,3000,254394712800000,122.18829099903814,148.29426134284586,7a3dbdec3b75cae407c1fb7c746c59204e7ddf201fca595d2c58eb657834c945
screen,pusht,1,sepopt_k192_20260922,50,94.0,2,50,3000,254394712800000,122.96417760895565,145.96077424194664,7a3dbdec3b75cae407c1fb7c746c59204e7ddf201fca595d2c58eb657834c945
screen,pusht,2,upstream_lewm_converted,50,84.0,2,50,3000,254394712800000,123.10371451894753,149.2401558200363,b8942712be1e346f164f65b54a54f7773f2202f8d579656e6a9412972a3faece
screen,pusht,2,sepopt_k192_20260922,50,98.0,2,50,3000,254394712800000,123.96665478311479,147.12250529997982,b8942712be1e346f164f65b54a54f7773f2202f8d579656e6a9412972a3faece
screen,pusht,42,upstream_lewm_converted,50,94.0,2,50,3000,254394712800000,124.10591341322288,150.1641185169574,103ae5af5d47daa618b6f1e93fb36e47719b7181e80fdaada5660cccf0183a40
screen,pusht,42,sepopt_k192_20260922,50,96.0,2,50,3000,254394712800000,124.01193367899396,147.22379784518853,103ae5af5d47daa618b6f1e93fb36e47719b7181e80fdaada5660cccf0183a40
screen,pusht,100,upstream_lewm_converted,50,84.0,2,50,3000,254394712800000,122.2134479698725,149.25774588203058,1bba42ca6652a53669fcb0d37692524cd7c5792f21962b12aab9e5737f2d67ff
screen,pusht,100,sepopt_k192_20260922,50,90.0,2,50,3000,254394712800000,122.8781732309144,146.74912290507928,1bba42ca6652a53669fcb0d37692524cd7c5792f21962b12aab9e5737f2d67ff
screen,tworoom,0,upstream_lewm_converted,50,84.0,2,50,1000,84798237600000,41.16454794816673,50.850552685093135,a8f28b87c32d7c6ee8714174d477a6636b1c18cf3c8074de9ecba9ab6912eabb
screen,tworoom,0,sepopt_k192_20260922,50,94.0,2,50,1000,36086148000000,41.03752006916329,47.36321303900331,a8f28b87c32d7c6ee8714174d477a6636b1c18cf3c8074de9ecba9ab6912eabb
screen,tworoom,1,upstream_lewm_converted,50,96.0,2,50,1000,84798237600000,40.8878535318654,50.26228783396073,ffb05fbe610ba55ba32dcfbc01cbac01105461292cacd07a98ccb756a7ab15ab
screen,tworoom,1,sepopt_k192_20260922,50,98.0,2,50,1000,36086148000000,40.94657341600396,47.270828204927966,ffb05fbe610ba55ba32dcfbc01cbac01105461292cacd07a98ccb756a7ab15ab
screen,tworoom,2,upstream_lewm_converted,50,92.0,2,50,1000,84798237600000,40.91863155295141,50.59334318200126,70447de464475a74dceb66c49b690f928a72aead035944e48506e727d0c1ec2c
screen,tworoom,2,sepopt_k192_20260922,50,98.0,2,50,1000,36086148000000,41.007451853947714,47.36034005484544,70447de464475a74dceb66c49b690f928a72aead035944e48506e727d0c1ec2c
screen,tworoom,42,upstream_lewm_converted,50,90.0,2,50,1000,84798237600000,41.83826967701316,51.5115055621136,e6f4526996e4bea3eba9b4c5a686c886e4b5c1846db52a193660d25266f97d7f
screen,tworoom,42,sepopt_k192_20260922,50,94.0,2,50,1000,36086148000000,41.66898421687074,47.96165610407479,e6f4526996e4bea3eba9b4c5a686c886e4b5c1846db52a193660d25266f97d7f
screen,tworoom,100,upstream_lewm_converted,50,78.0,2,50,1000,84798237600000,41.96497336192988,51.78905694698915,53e6ca05c8cdb672631be7433c1c15733c1ca1684ba77441b00cc82a604422d3
screen,tworoom,100,sepopt_k192_20260922,50,88.0,2,50,1000,36086148000000,41.87729737604968,48.207616411847994,53e6ca05c8cdb672631be7433c1c15733c1ca1684ba77441b00cc82a604422d3
final,ogb_cube,2002,upstream_lewm_converted,100,69.0,4,100,2000,169599175200000,85.01654301420785,194.22207796107978,6b78567566069fbb9726e6bf25cebbcfd98c671f82e1ccaf13643c678cf3cdf5
final,ogb_cube,2002,sepopt_k192_20260922,100,71.0,4,100,2000,169599175200000,83.27143526612781,190.10209845681675,6b78567566069fbb9726e6bf25cebbcfd98c671f82e1ccaf13643c678cf3cdf5
final,ogb_cube,71623,upstream_lewm_converted,100,72.0,4,100,2000,169599175200000,84.43767403997481,193.75512081803754,fa93ab615814c28e0cc2da9c4e6021b343d21213d2944ed882cf9ce7236cffc4
final,ogb_cube,71623,sepopt_k192_20260922,100,68.0,4,100,2000,169599175200000,83.04356439318508,190.03985171788372,fa93ab615814c28e0cc2da9c4e6021b343d21213d2944ed882cf9ce7236cffc4
final,ogb_cube,82715,upstream_lewm_converted,100,68.0,4,100,2000,169599175200000,84.31533500622027,193.90085309999995,a697f4d0fc5f93becc5e833357ad698a77f10fd460941a9fc75600a66437d569
final,ogb_cube,82715,sepopt_k192_20260922,100,70.0,4,100,2000,169599175200000,83.38385429023765,189.68900356604718,a697f4d0fc5f93becc5e833357ad698a77f10fd460941a9fc75600a66437d569
final,ogb_cube,86604,upstream_lewm_converted,100,74.0,4,100,2000,169599175200000,84.07688415027224,192.8568170829676,8b2a3158996ed3c81d3eba1f3d4c32d25c09f0057629b6268afaa4c48a3ba02a
final,ogb_cube,86604,sepopt_k192_20260922,100,72.0,4,100,2000,169599175200000,82.8343070934061,188.73742811591364,8b2a3158996ed3c81d3eba1f3d4c32d25c09f0057629b6268afaa4c48a3ba02a
final,ogb_cube,91943,upstream_lewm_converted,100,73.0,4,100,2000,169599175200000,83.81108342995867,192.5640123768244,5f403867ae64d0b209171061019d6f6f38d0140425a773d8b4bce64b3ecaf2a9
final,ogb_cube,91943,sepopt_k192_20260922,100,75.0,4,100,2000,169599175200000,82.73169377120212,188.4389504189603,5f403867ae64d0b209171061019d6f6f38d0140425a773d8b4bce64b3ecaf2a9
final,reacher,2002,upstream_lewm_converted,100,96.0,4,100,2000,169596475200000,83.07173213479109,125.88694227905944,77ca6763769598292d114888d78979a7c6a07ea0362dbb55d714ec6a72d3351c
final,reacher,2002,sepopt_k192_20260922,100,99.0,4,100,2000,169596475200000,84.32097474811599,122.68341243383475,77ca6763769598292d114888d78979a7c6a07ea0362dbb55d714ec6a72d3351c
final,reacher,71623,upstream_lewm_converted,100,99.0,4,100,2000,169596475200000,82.80044770915993,125.30291676102206,8561d7a100b6c6be65bb26048045014fccba9ffa7caeff9e744fd888bc6b0bf1
final,reacher,71623,sepopt_k192_20260922,100,99.0,4,100,2000,169596475200000,81.62646339880303,120.43710913183168,8561d7a100b6c6be65bb26048045014fccba9ffa7caeff9e744fd888bc6b0bf1
final,reacher,82715,upstream_lewm_converted,100,97.0,4,100,2000,169596475200000,82.2263368931599,124.45905561093241,5115b89e36b27f8994576e7c9b8c5e5d7ff74a56bae886c32aee7a7d879521db
final,reacher,82715,sepopt_k192_20260922,100,96.0,4,100,2000,169596475200000,83.06107290415093,121.58747175009921,5115b89e36b27f8994576e7c9b8c5e5d7ff74a56bae886c32aee7a7d879521db
final,reacher,86604,upstream_lewm_converted,100,95.0,4,100,2000,169596475200000,81.92001464311033,124.5523648399394,9bb52673b715dfad64824bd3ba15f385ab820f202ac354314fb48f575fe12cdd
final,reacher,86604,sepopt_k192_20260922,100,95.0,4,100,2000,169596475200000,82.30354705778882,121.57856287108734,9bb52673b715dfad64824bd3ba15f385ab820f202ac354314fb48f575fe12cdd
final,reacher,91943,upstream_lewm_converted,100,96.0,4,100,2000,169596475200000,82.38739176769741,125.06647667684592,d67c959db19e6c529e689264a4c34e2e466fff6ca2ea7b2af9c88e58f5141a1f
final,reacher,91943,sepopt_k192_20260922,100,99.0,4,100,2000,169596475200000,83.09128220565617,121.66632158588618,d67c959db19e6c529e689264a4c34e2e466fff6ca2ea7b2af9c88e58f5141a1f
final,pusht,2002,upstream_lewm_converted,100,87.0,4,100,6000,508789425600000,246.9972148030065,275.6874301319476,0d16487fc594a85dc13b70845e6d11a13818ccc3378b8ae374c51c8b0e14df6b
final,pusht,2002,sepopt_k192_20260922,100,93.0,4,100,6000,508789425600000,248.56814392795786,274.30318648996763,0d16487fc594a85dc13b70845e6d11a13818ccc3378b8ae374c51c8b0e14df6b
final,pusht,71623,upstream_lewm_converted,100,93.0,4,100,6000,508789425600000,245.66971628763713,274.9229506030679,39526bde8affd44d36d338d715ad66bc81d9c2afaf0903e54510b772e8ce44cd
final,pusht,71623,sepopt_k192_20260922,100,90.0,4,100,6000,508789425600000,246.7144211998675,272.86520211794414,39526bde8affd44d36d338d715ad66bc81d9c2afaf0903e54510b772e8ce44cd
final,pusht,82715,upstream_lewm_converted,100,83.0,4,100,6000,508789425600000,248.130869083805,277.28137233085,7a28d64620a1234df2e93f667d7a70ccca37bcfec50094c19e9ac3223b76fb88
final,pusht,82715,sepopt_k192_20260922,100,92.0,4,100,6000,508789425600000,249.16986087989062,274.66744279908016,7a28d64620a1234df2e93f667d7a70ccca37bcfec50094c19e9ac3223b76fb88
final,pusht,86604,upstream_lewm_converted,100,83.0,4,100,6000,508789425600000,247.77471477375366,276.9843225770164,2442bb1ed1307773a2a26c19c4027461f0c12b7cb3d85d01b98afe8f6e643ff6
final,pusht,86604,sepopt_k192_20260922,100,94.0,4,100,6000,508789425600000,249.49004638195038,275.10329236183316,2442bb1ed1307773a2a26c19c4027461f0c12b7cb3d85d01b98afe8f6e643ff6
final,pusht,91943,upstream_lewm_converted,100,86.0,4,100,6000,508789425600000,244.37454668898135,273.093382287072,d0fbeb12595e1ec915846930d7e5b3175d53ce089c805be05004058ccdb25dea
final,pusht,91943,sepopt_k192_20260922,100,93.0,4,100,6000,508789425600000,244.64568196982145,270.21498602908105,d0fbeb12595e1ec915846930d7e5b3175d53ce089c805be05004058ccdb25dea
final,tworoom,2002,upstream_lewm_converted,100,85.0,4,100,2000,169596475200000,83.38225190108642,96.01608072011732,b16d0a63cc7f37193a4c4948401f1c50ee21018fad66b1cd37d7f1137cbac7ea
final,tworoom,2002,sepopt_k192_20260922,100,96.0,4,100,2000,72172296000000,83.83729391987436,91.44138851203024,b16d0a63cc7f37193a4c4948401f1c50ee21018fad66b1cd37d7f1137cbac7ea
final,tworoom,71623,upstream_lewm_converted,100,85.0,4,100,2000,169596475200000,82.51873128092848,93.82375567988493,241f1ce09649d74e9c5443dadbd079570f897ed1f52b765cf91e868d190a2397
final,tworoom,71623,sepopt_k192_20260922,100,95.0,4,100,2000,72172296000000,82.86030632187612,90.16335440916009,241f1ce09649d74e9c5443dadbd079570f897ed1f52b765cf91e868d190a2397
final,tworoom,82715,upstream_lewm_converted,100,79.0,4,100,2000,169596475200000,81.91876784479246,93.40381460613571,621816e2d86f134a26e89c118d366cd7b32c7e4962b6bf485e18588f0a5e5aff
final,tworoom,82715,sepopt_k192_20260922,100,90.0,4,100,2000,72172296000000,82.76262251287699,90.57819138397463,621816e2d86f134a26e89c118d366cd7b32c7e4962b6bf485e18588f0a5e5aff
final,tworoom,86604,upstream_lewm_converted,100,86.0,4,100,2000,169596475200000,81.96105224872008,93.29353558481671,70328e5abbdbb7a1a2edbd9eb28db4ff9de18548d7761dd4cb60662473b29359
final,tworoom,86604,sepopt_k192_20260922,100,93.0,4,100,2000,72172296000000,82.8528712419793,90.68904957314953,70328e5abbdbb7a1a2edbd9eb28db4ff9de18548d7761dd4cb60662473b29359
final,tworoom,91943,upstream_lewm_converted,100,82.0,4,100,2000,169596475200000,83.01166293607093,94.40963347395882,b23ee8875d1688c612fc870685a0be2458c461016f0db997506e5df24c51d182
final,tworoom,91943,sepopt_k192_20260922,100,94.0,4,100,2000,72172296000000,84.06313572102226,91.739652069984,b23ee8875d1688c612fc870685a0be2458c461016f0db997506e5df24c51d182
